<?xml version="1.0" encoding="UTF-8"?>
<usagedata>
<month val="dec 2005" total="392">
</month>
<month val="jan 2006" total="446">
</month>
<month val="feb 2006" total="386">
</month>
<month val="mar 2006" total="346">
</month>
<month val="apr 2006" total="304">
</month>
<month val="may 2006" total="401">
</month>
<month val="jun 2006" total="327">
</month>
<month val="jul 2006" total="247">
</month>
<month val="aug 2006" total="279">
</month>
<month val="sep 2006" total="270">
</month>
<month val="oct 2006" total="325">
</month>
<month val="nov 2006" total="250">
</month>
<month val="dec 2006" total="108">
</month>
</usagedata>
