<?xml version="1.0" encoding="UTF-8"?>
<usagedata>
<month val="dec 2005" total="1045">
<item str="index.html" cnt="392" />
<item str="products.htm" cnt="97" />
<item str="soccergames.htm" cnt="82" />
<item str="prod05.htm" cnt="68" />
<item str="prod02.htm" cnt="61" />
<item str="prod012.htm" cnt="43" />
<item str="prod01.htm" cnt="37" />
<item str="prod03.htm" cnt="36" />
<item str="prod011.htm" cnt="35" />
<item str="prod04.htm" cnt="30" />
<item str="partners1.htm" cnt="18" />
<item str="prod013.htm" cnt="14" />
<item str="premierleageuk.htm" cnt="11" />
<item str="awards.htm" cnt="10" />
<item str="linkhitlist.htm" cnt="9" />
<item str="poll5.htm" cnt="7" />
<item str="primeradivision.htm" cnt="7" />
<item str="voorspelling_eredivisie.htm" cnt="6" />
<item str="become_a_partner.htm" cnt="6" />
<item str="feedback1.htm" cnt="6" />
<item str="prod014.htm" cnt="6" />
<item str="polls.htm" cnt="5" />
<item str="predizioneseriea.htm" cnt="5" />
<item str="new_page_2.htm" cnt="5" />
<item str="poll3.htm" cnt="4" />
</month>
<month val="jan 2006" total="1127">
<item str="index.html" cnt="446" />
<item str="products.htm" cnt="102" />
<item str="prod05.htm" cnt="82" />
<item str="soccergames.htm" cnt="80" />
<item str="prod02.htm" cnt="57" />
<item str="prod012.htm" cnt="42" />
<item str="prod011.htm" cnt="34" />
<item str="prod01.htm" cnt="33" />
<item str="prod03.htm" cnt="30" />
<item str="prod04.htm" cnt="24" />
<item str="prod013.htm" cnt="16" />
<item str="prod014.htm" cnt="14" />
<item str="partners1.htm" cnt="12" />
<item str="primeradivision.htm" cnt="12" />
<item str="linkhitlist.htm" cnt="11" />
<item str="feedback1.htm" cnt="11" />
<item str="premierleageuk.htm" cnt="10" />
<item str="linkhitlist1.htm" cnt="9" />
<item str="news+search.htm" cnt="8" />
<item str="voraussagebundesliga.htm" cnt="8" />
<item str="new_page_7.htm" cnt="6" />
<item str="polls.htm" cnt="6" />
<item str="voorspelling_eredivisie.htm" cnt="6" />
<item str="poll2.htm" cnt="5" />
<item str="new_page_3.htm" cnt="5" />
</month>
<month val="feb 2006" total="1235">
<item str="index.html" cnt="386" />
<item str="products.htm" cnt="136" />
<item str="soccergames.htm" cnt="113" />
<item str="prod05.htm" cnt="78" />
<item str="prod012.htm" cnt="74" />
<item str="prod02.htm" cnt="68" />
<item str="prod01.htm" cnt="47" />
<item str="prod011.htm" cnt="44" />
<item str="prod03.htm" cnt="40" />
<item str="prod04.htm" cnt="37" />
<item str="prod013.htm" cnt="15" />
<item str="prod014.htm" cnt="15" />
<item str="primeradivision.htm" cnt="14" />
<item str="premierleageuk.htm" cnt="11" />
<item str="partners1.htm" cnt="10" />
<item str="polls.htm" cnt="10" />
<item str="become_a_partner.htm" cnt="9" />
<item str="new_page_3.htm" cnt="9" />
<item str="poll1.htm" cnt="7" />
<item str="poll2.htm" cnt="6" />
<item str="poll3.htm" cnt="6" />
<item str="new_page_7.htm" cnt="5" />
<item str="linkhitlist1.htm" cnt="5" />
<item str="predizioneseriea.htm" cnt="5" />
<item str="voorspelling_eredivisie.htm" cnt="5" />
</month>
<month val="mar 2006" total="1200">
<item str="index.html" cnt="346" />
<item str="products.htm" cnt="118" />
<item str="soccergames.htm" cnt="105" />
<item str="prod05.htm" cnt="69" />
<item str="prod02.htm" cnt="66" />
<item str="prod012.htm" cnt="59" />
<item str="prod01.htm" cnt="47" />
<item str="prod04.htm" cnt="46" />
<item str="prod011.htm" cnt="40" />
<item str="prod03.htm" cnt="37" />
<item str="feedback1.htm" cnt="20" />
<item str="primeradivision.htm" cnt="18" />
<item str="prod013.htm" cnt="16" />
<item str="prod014.htm" cnt="16" />
<item str="voorspelling_eredivisie.htm" cnt="13" />
<item str="linkhitlist.htm" cnt="13" />
<item str="predizioneseriea.htm" cnt="11" />
<item str="polls.htm" cnt="10" />
<item str="new_page_7.htm" cnt="9" />
<item str="become_a_partner.htm" cnt="9" />
<item str="new_page_6.htm" cnt="9" />
<item str="poll5.htm" cnt="9" />
<item str="new_page_4.htm" cnt="9" />
<item str="new_page_2.htm" cnt="8" />
<item str="news+search.htm" cnt="8" />
</month>
<month val="apr 2006" total="982">
<item str="index.html" cnt="304" />
<item str="soccergames.htm" cnt="97" />
<item str="products.htm" cnt="87" />
<item str="prod05.htm" cnt="64" />
<item str="prod02.htm" cnt="55" />
<item str="prod012.htm" cnt="47" />
<item str="feedback1.htm" cnt="29" />
<item str="prod01.htm" cnt="26" />
<item str="prod011.htm" cnt="18" />
<item str="primeradivision.htm" cnt="16" />
<item str="voorspelling_eredivisie.htm" cnt="15" />
<item str="partners1.htm" cnt="12" />
<item str="prod04.htm" cnt="12" />
<item str="new_page_5.htm" cnt="11" />
<item str="prod014.htm" cnt="11" />
<item str="poll4.htm" cnt="10" />
<item str="poll3.htm" cnt="9" />
<item str="predizioneseriea.htm" cnt="8" />
<item str="linkhitlist.htm" cnt="8" />
<item str="new_page_2.htm" cnt="8" />
<item str="poll2.htm" cnt="7" />
<item str="news+search.htm" cnt="7" />
<item str="new_page_3.htm" cnt="7" />
<item str="new_page_7.htm" cnt="6" />
<item str="polls.htm" cnt="5" />
</month>
<month val="may 2006" total="1404">
<item str="index.html" cnt="401" />
<item str="soccergames.htm" cnt="129" />
<item str="products.htm" cnt="116" />
<item str="prod05.htm" cnt="109" />
<item str="prod01.htm" cnt="72" />
<item str="prod02.htm" cnt="60" />
<item str="prod012.htm" cnt="57" />
<item str="prod014.htm" cnt="52" />
<item str="prod013.htm" cnt="46" />
<item str="prod011.htm" cnt="42" />
<item str="news+search.htm" cnt="33" />
<item str="prod04.htm" cnt="31" />
<item str="prod03.htm" cnt="29" />
<item str="partners1.htm" cnt="20" />
<item str="primeradivision.htm" cnt="16" />
<item str="voorspelling_eredivisie.htm" cnt="12" />
<item str="awards.htm" cnt="12" />
<item str="predizioneseriea.htm" cnt="11" />
<item str="new_page_7.htm" cnt="9" />
<item str="polls.htm" cnt="9" />
<item str="feedback1.htm" cnt="9" />
<item str="premierleageuk.htm" cnt="9" />
<item str="new_page_6.htm" cnt="7" />
<item str="poll2.htm" cnt="6" />
<item str="linkhitlist1.htm" cnt="6" />
</month>
<month val="jun 2006" total="1386">
<item str="index.html" cnt="327" />
<item str="soccergames.htm" cnt="162" />
<item str="products.htm" cnt="124" />
<item str="prod02.htm" cnt="86" />
<item str="prod05.htm" cnt="80" />
<item str="prod012.htm" cnt="64" />
<item str="prod01.htm" cnt="59" />
<item str="prod011.htm" cnt="45" />
<item str="prod013.htm" cnt="37" />
<item str="prod03.htm" cnt="35" />
<item str="prod014.htm" cnt="35" />
<item str="prod04.htm" cnt="30" />
<item str="news+search.htm" cnt="29" />
<item str="partners1.htm" cnt="20" />
<item str="premierleageuk.htm" cnt="20" />
<item str="linkhitlist1.htm" cnt="16" />
<item str="linkhitlist.htm" cnt="15" />
<item str="voorspelling_eredivisie.htm" cnt="13" />
<item str="awards.htm" cnt="13" />
<item str="poll2.htm" cnt="11" />
<item str="new_page_6.htm" cnt="11" />
<item str="feedback1.htm" cnt="11" />
<item str="new_page_7.htm" cnt="9" />
<item str="new_page_2.htm" cnt="9" />
<item str="new_page_3.htm" cnt="9" />
</month>
<month val="jul 2006" total="1010">
<item str="index.html" cnt="247" />
<item str="soccergames.htm" cnt="118" />
<item str="products.htm" cnt="95" />
<item str="prod05.htm" cnt="51" />
<item str="prod02.htm" cnt="49" />
<item str="prod012.htm" cnt="46" />
<item str="prod01.htm" cnt="36" />
<item str="prod03.htm" cnt="23" />
<item str="prod011.htm" cnt="20" />
<item str="primeradivision.htm" cnt="20" />
<item str="prod013.htm" cnt="18" />
<item str="awards.htm" cnt="18" />
<item str="prod04.htm" cnt="17" />
<item str="linkhitlist.htm" cnt="16" />
<item str="prod014.htm" cnt="14" />
<item str="premierleageuk.htm" cnt="14" />
<item str="voraussagebundesliga.htm" cnt="13" />
<item str="voorspelling_eredivisie.htm" cnt="12" />
<item str="new_page_3.htm" cnt="12" />
<item str="new_page_1.htm" cnt="11" />
<item str="polls.htm" cnt="10" />
<item str="become_a_partner.htm" cnt="10" />
<item str="new_page_4.htm" cnt="10" />
<item str="linkhitlist1.htm" cnt="9" />
<item str="predizioneseriea.htm" cnt="7" />
</month>
<month val="aug 2006" total="834">
<item str="index.html" cnt="279" />
<item str="products.htm" cnt="72" />
<item str="soccergames.htm" cnt="72" />
<item str="prod02.htm" cnt="57" />
<item str="prod05.htm" cnt="50" />
<item str="prod012.htm" cnt="41" />
<item str="prod01.htm" cnt="25" />
<item str="prod011.htm" cnt="19" />
<item str="prod03.htm" cnt="16" />
<item str="linkhitlist.htm" cnt="14" />
<item str="prod04.htm" cnt="12" />
<item str="become_a_partner.htm" cnt="12" />
<item str="prod013.htm" cnt="11" />
<item str="feedback1.htm" cnt="11" />
<item str="premierleageuk.htm" cnt="11" />
<item str="partners1.htm" cnt="9" />
<item str="primeradivision.htm" cnt="9" />
<item str="polls.htm" cnt="7" />
<item str="news+search.htm" cnt="7" />
<item str="awards.htm" cnt="7" />
<item str="linkhitlist1.htm" cnt="6" />
<item str="new_page_3.htm" cnt="6" />
<item str="voorspelling_eredivisie.htm" cnt="5" />
<item str="link_to_us1.htm" cnt="4" />
<item str="new_page_4.htm" cnt="3" />
</month>
<month val="sep 2006" total="700">
<item str="index.html" cnt="270" />
<item str="products.htm" cnt="61" />
<item str="prod012.htm" cnt="54" />
<item str="prod02.htm" cnt="39" />
<item str="prod05.htm" cnt="31" />
<item str="soccergames.htm" cnt="27" />
<item str="prod01.htm" cnt="23" />
<item str="prod03.htm" cnt="19" />
<item str="prod011.htm" cnt="18" />
<item str="prod04.htm" cnt="14" />
<item str="voorspelling_eredivisie.htm" cnt="13" />
<item str="prod013.htm" cnt="10" />
<item str="poll2.htm" cnt="8" />
<item str="polls.htm" cnt="8" />
<item str="become_a_partner.htm" cnt="8" />
<item str="primeradivision.htm" cnt="8" />
<item str="new_page_2.htm" cnt="7" />
<item str="new_page_7.htm" cnt="5" />
<item str="poll1.htm" cnt="5" />
<item str="partners1.htm" cnt="4" />
<item str="poll5.htm" cnt="4" />
<item str="poll4.htm" cnt="4" />
<item str="prod014.htm" cnt="4" />
<item str="feedback1.htm" cnt="3" />
<item str="link_to_us1.htm" cnt="2" />
</month>
<month val="oct 2006" total="907">
<item str="index.html" cnt="325" />
<item str="products.htm" cnt="74" />
<item str="prod012.htm" cnt="70" />
<item str="prod05.htm" cnt="65" />
<item str="prod02.htm" cnt="49" />
<item str="prod01.htm" cnt="29" />
<item str="prod03.htm" cnt="22" />
<item str="primeradivision.htm" cnt="17" />
<item str="prod011.htm" cnt="16" />
<item str="feedback1.htm" cnt="16" />
<item str="soccergames.htm" cnt="16" />
<item str="partners1.htm" cnt="13" />
<item str="prod04.htm" cnt="13" />
<item str="news+search.htm" cnt="11" />
<item str="linkhitlist.htm" cnt="9" />
<item str="voraussagebundesliga.htm" cnt="9" />
<item str="polls.htm" cnt="8" />
<item str="voorspelling_eredivisie.htm" cnt="8" />
<item str="prod014.htm" cnt="8" />
<item str="poll2.htm" cnt="7" />
<item str="new_page_7.htm" cnt="6" />
<item str="new_page_2.htm" cnt="6" />
<item str="poll5.htm" cnt="6" />
<item str="linkhitlist1.htm" cnt="5" />
<item str="new_page_5.htm" cnt="5" />
</month>
<month val="nov 2006" total="675">
<item str="index.html" cnt="250" />
<item str="products.htm" cnt="68" />
<item str="prod012.htm" cnt="57" />
<item str="prod05.htm" cnt="40" />
<item str="prod02.htm" cnt="39" />
<item str="primeradivision.htm" cnt="18" />
<item str="prod01.htm" cnt="17" />
<item str="soccergames.htm" cnt="17" />
<item str="prod04.htm" cnt="13" />
<item str="prod03.htm" cnt="12" />
<item str="prod011.htm" cnt="10" />
<item str="become_a_partner.htm" cnt="9" />
<item str="partners1.htm" cnt="8" />
<item str="prod014.htm" cnt="8" />
<item str="voorspelling_eredivisie.htm" cnt="7" />
<item str="new_page_2.htm" cnt="7" />
<item str="linkhitlist1.htm" cnt="5" />
<item str="poll1.htm" cnt="5" />
<item str="awards.htm" cnt="5" />
<item str="new_page_7.htm" cnt="4" />
<item str="linkhitlist.htm" cnt="4" />
<item str="news+search.htm" cnt="4" />
<item str="poll5.htm" cnt="4" />
<item str="polls.htm" cnt="3" />
<item str="new_page_4.htm" cnt="3" />
</month>
<month val="dec 2006" total="268">
<item str="index.html" cnt="108" />
<item str="products.htm" cnt="26" />
<item str="prod012.htm" cnt="21" />
<item str="prod05.htm" cnt="13" />
<item str="prod02.htm" cnt="12" />
<item str="soccergames.htm" cnt="9" />
<item str="prod01.htm" cnt="8" />
<item str="prod011.htm" cnt="7" />
<item str="poll3.htm" cnt="7" />
<item str="prod03.htm" cnt="6" />
<item str="partners1.htm" cnt="5" />
<item str="prod04.htm" cnt="4" />
<item str="poll1.htm" cnt="4" />
<item str="primeradivision.htm" cnt="4" />
<item str="poll2.htm" cnt="3" />
<item str="link_to_us1.htm" cnt="3" />
<item str="linkhitlist.htm" cnt="3" />
<item str="new_page_5.htm" cnt="3" />
<item str="awards.htm" cnt="3" />
<item str="predizioneseriea.htm" cnt="2" />
<item str="news+search.htm" cnt="2" />
<item str="feedback1.htm" cnt="2" />
<item str="prod014.htm" cnt="2" />
<item str="new_page_7.htm" cnt="1" />
<item str="voorspelling_eredivisie.htm" cnt="1" />
</month>
</usagedata>
